Run	spots	bases	spots_with_mates	avgLength	size_MB	download_path	Experiment	LibraryStrategy	LibrarySelection	LibrarySource	LibraryLayout	InsertSize	InsertDev	Platform	Model	SRAStudy	BioProject	ProjectID	Sample	BioSample	SampleType	TaxID	ScientificName	SampleName	CenterName	Submission	Consent	number_organism_name	tax_id	bio_project_accession	bio_project_id	group	sub_group	size_mb	gc_percent	replicons	wgs	scaffolds	genes	proteins	release_date	modify_date	status	center	assembly_accession	reference	ftp_path	pubmed_id	strain	accession_number
SRR3927028	13908363	2114071176	13908363	152	838	https://sra-downloadb.st-va.ncbi.nlm.nih.gov/sos2/sra-pub-run-3/SRR3927028/SRR3927028.1	SRX1953108	WGS	RANDOM	GENOMIC	PAIRED	0	0	ILLUMINA	Illumina Genome Analyzer II	SRP002449	PRJNA47903	47903	SRS1566651	SAMN02232025	simple	682795	Granulicella mallensis MP5ACTX8	CP003130	JGI	SRA441103	public	Granulicella mallensis MP5ACTX8	682795	PRJNA47903	47903	Acidobacteria	Acidobacteriia	6.23758	57.9	chromosome:NC_016631.1/CP003130.1	-	1	4830	4732	2011-12-01	2020-09-24	Complete Genome	US DOE Joint Genome Institute (JGI-PGF)	GCA_000178955.2	REPR	ftp://ftp.ncbi.nlm.nih.gov/genomes/all/GCA/000/178/955/GCA_000178955.2_ASM17895v2	-	MP5ACTX8	000178955.2
SRR3928448	34740730	5280590960	34740730	152	3122	https://sra-downloadb.st-va.ncbi.nlm.nih.gov/sos2/sra-pub-run-3/SRR3928448/SRR3928448.1	SRX1958154	WGS	RANDOM	GENOMIC	PAIRED	0	0	ILLUMINA	Illumina Genome Analyzer IIx	SRP006525	PRJNA63509	63509	SRS1568612	SAMN02261411	simple	926566	Terriglobus roseus DSM 18391	CP003379	JGI	SRA441400	public	Terriglobus roseus DSM 18391	926566	PRJNA63509	63509	Acidobacteria	Acidobacteriia	5.22786	60.3	chromosome:NC_018014.1/CP003379.1	-	1	4311	4195	2012-06-08	2021-06-30	Complete Genome	JGI	GCA_000265425.1	REPR	ftp://ftp.ncbi.nlm.nih.gov/genomes/all/GCA/000/265/425/GCA_000265425.1_ASM26542v1	-	DSM 18391	000265425.1
SRR3923561	22114459	3361397768	22114459	152	1833	https://sra-downloadb.st-va.ncbi.nlm.nih.gov/sos2/sra-pub-run-3/SRR3923561/SRR3923561.1	SRX1950107	WGS	RANDOM	GENOMIC	PAIRED	0	0	ILLUMINA	Illumina Genome Analyzer II	SRP078533	PRJNA51769	51769	SRS1564943	SAMN02769644	simple	547143	Hydrogenobaculum sp. 3684	CP002726	JGI	SRA440572	public	Hydrogenobaculum sp. 3684	547143	PRJNA51769	51769	Aquificae	Aquificae	1.55278	34.8	chromosome:NC_015557.1/CP002726.1	-	1	1661	1586	2011-05-17	2021-02-07	Complete Genome	US DOE Joint Genome Institute	GCA_000213785.1	-	ftp://ftp.ncbi.nlm.nih.gov/genomes/all/GCA/000/213/785/GCA_000213785.1_ASM21378v1	23435891	3684	000213785.1
SRR6827044	1702992	1025201184	1702992	602	546	https://sra-downloadb.st-va.ncbi.nlm.nih.gov/sos1/sra-pub-run-14/SRR6827044/SRR6827044.1	SRX3783214	WGS	RANDOM	GENOMIC	PAIRED	0	0	ILLUMINA	Illumina MiSeq	SRP134228	PRJNA437560	437560	SRS3036422	SAMN08667746	simple	35786	Coprothermobacter proteolyticus	SEM1b_SW3C	NORWEGIAN UNIVERSITY OF LIFE SCIENCE	SRA665890	public	Coprothermobacter proteolyticus	35786	PRJNA437560	437560	Coprothermobacterota	Coprothermobacteria	1.41024	44.6	-	PXJB01	28	1469	1401	2018-04-16	2021-01-13	Contig	Norwegian University of Life Science	GCA_003052375.1	-	ftp://ftp.ncbi.nlm.nih.gov/genomes/all/GCA/003/052/375/GCA_003052375.1_ASM305237v1	-	SW3C	003052375.1
SRR6827043	1725045	1038477090	1725045	602	551	https://sra-downloadb.st-va.ncbi.nlm.nih.gov/sos1/sra-pub-run-14/SRR6827043/SRR6827043.1	SRX3783215	WGS	RANDOM	GENOMIC	PAIRED	0	0	ILLUMINA	Illumina MiSeq	SRP134228	PRJNA437560	437560	SRS3036423	SAMN08667745	simple	35786	Coprothermobacter proteolyticus	SEM1b_BWF2A	NORWEGIAN UNIVERSITY OF LIFE SCIENCE	SRA665890	public	Coprothermobacter proteolyticus	35786	PRJNA437560	437560	Coprothermobacterota	Coprothermobacteria	1.40849	44.6	-	PXJC01	20	1458	1383	2018-04-16	2021-01-13	Contig	Norwegian University of Life Science	GCA_003052365.1	-	ftp://ftp.ncbi.nlm.nih.gov/genomes/all/GCA/003/052/365/GCA_003052365.1_ASM305236v1	-	BWF2A	003052365.1
SRR1797350	32758196	9827458800	32758196	300	6384	https://sra-downloadb.st-va.ncbi.nlm.nih.gov/sos2/sra-pub-run-4/SRR1797350/SRR1797350.1	SRX872029	WGS	RANDOM	GENOMIC	PAIRED	444000	0	ILLUMINA	Illumina HiSeq 2000	SRP053537	PRJNA195767	195767	SRS842457	SAMN02441578	simple	1304888	Geovibrio sp. L21-Ace-BES	ATWF	JGI	SRA237495	public	Geovibrio sp. L21-Ace-BES	1304888	PRJNA195767	195767	Deferribacteres	Deferribacteres	2.97166	48.5	-	ATWF01	4	2756	2701	2013-07-09	2021-02-03	Scaffold	DOE Joint Genome Institute	GCA_000421105.1	-	ftp://ftp.ncbi.nlm.nih.gov/genomes/all/GCA/000/421/105/GCA_000421105.1_ASM42110v1	-	L21-Ace-BES	000421105.1
SRR064733	25618949	3894080248	25618949	152	23452	https://sra-downloadb.st-va.ncbi.nlm.nih.gov/sos2/sra-pub-run-3/SRR064733/SRR064733.3	SRX026118	WGS	RANDOM	GENOMIC	PAIRED	0	0	ILLUMINA	Illumina Genome Analyzer II	SRP003373	PRJNA49523	49523	SRS107384	SAMN00102793	simple	768670	Calditerrivibrio nitroreducens DSM 19672	4087656	JGI	SRA023677	public	Calditerrivibrio nitroreducens DSM 19672	768670	PRJNA49523	49523	Deferribacteres	Deferribacteres	2.21655	35.6755	chromosome:NC_014758.1/CP002347.1; plasmid pCALNI01:NC_014749.1/CP002348.1	-	2	2179	2117	2010-11-30	2021-06-17	Complete Genome	US DOE Joint Genome Institute (JGI-PGF)	GCA_000183405.1	REPR	ftp://ftp.ncbi.nlm.nih.gov/genomes/all/GCA/000/183/405/GCA_000183405.1_ASM18340v1	21475587	DSM 19672	000183405.1
DRR179607	1816945	546274708	1816945	300	256	https://sra-download.ncbi.nlm.nih.gov/traces/dra0/DRR/000175/DRR179607	DRX170133	WGS	RANDOM	GENOMIC	PAIRED	650	0	ILLUMINA	Illumina MiSeq	DRP007304	PRJDB8303	730726	DRS185108	SAMD00171896	simple	118126	Methanoculleus chikugoensis	SAMD00171896	NAGOYA	DRA008442	public	Methanoculleus chikugoensis	118126	PRJDB8303	730726	Euryarchaeota	Stenosarchaea group	2.62226	61.9	chromosome:AP019781.1	-	1	2624	2575	2021-06-02	2021-06-02	Complete Genome	Soil Biology and Chemistry, Department of Applied Biosciences, Graduate School of Bioagricultural Sciences, Nagoya University	GCA_019669965.1	REPR	ftp://ftp.ncbi.nlm.nih.gov/genomes/all/GCA/019/669/965/GCA_019669965.1_ASM1966996v1	-	MG62	019669965.1
SRR1225582	3604242	720848400	3604242	200	470	https://sra-downloadb.st-va.ncbi.nlm.nih.gov/sos2/sra-pub-run-6/SRR1225582/SRR1225582.1	SRX513710	WGS	RANDOM	GENOMIC	PAIRED	0	0	ILLUMINA	Illumina HiSeq 2000	SRP040701	PRJNA242781	242781	SRS590463	SAMN02708971	simple	2209	Methanosarcina mazei	YBM.H.M.1A.3	UIUC	SRA149668	public	Methanosarcina mazei	2209	PRJNA242781	242781	Euryarchaeota	Stenosarchaea group	4.08166	41.6	-	JJQT01	257	3522	3287	2015-04-23	2021-01-18	Scaffold	University of Illinois at Urbana-Champaign	GCA_000980085.1	-	ftp://ftp.ncbi.nlm.nih.gov/genomes/all/GCA/000/980/085/GCA_000980085.1_gtlEnvA5udCFS	25756680	1.H.M.1A.3	000980085.1
SRR12395637	6070660	1833339320	6070660	302	559	https://sra-downloadb.be-md.ncbi.nlm.nih.gov/sos3/sra-pub-run-20/SRR12395637/SRR12395637.1	SRX8893890	WGS	RANDOM	GENOMIC	PAIRED	0	0	ILLUMINA	Illumina NovaSeq 6000	SRP276108	PRJNA632157	632157	SRS7152916	SAMN14908282	simple	39152	Methanococcus maripaludis	Gp0457699	JGI	SRA1108712	public	Methanococcus maripaludis	39152	PRJNA632157	632157	Euryarchaeota	Methanomada group	1.84082	33	-	JACDUO01	6	1971	1907	2020-07-27	2020-08-03	Scaffold	DOE Joint Genome Institute	GCA_013761225.1	-	ftp://ftp.ncbi.nlm.nih.gov/genomes/all/GCA/013/761/225/GCA_013761225.1_ASM1376122v1	-	C13	013761225.1
SRR1225616	9952444	1990488800	9952444	200	1263	https://sra-downloadb.st-va.ncbi.nlm.nih.gov/sos2/sra-pub-run-6/SRR1225616/SRR1225616.1	SRX513744	WGS	RANDOM	GENOMIC	PAIRED	0	0	ILLUMINA	Illumina HiSeq 2000	SRP040701	PRJNA242781	242781	SRS590497	SAMN02708950	simple	2209	Methanosarcina mazei	YBB.H.A.2.5	UIUC	SRA149668	public	Methanosarcina mazei	2209	PRJNA242781	242781	Euryarchaeota	Stenosarchaea group	4.09415	41.6	-	JJPQ01	186	3499	3319	2015-04-23	2021-01-18	Scaffold	University of Illinois at Urbana-Champaign	GCA_000979735.1	-	ftp://ftp.ncbi.nlm.nih.gov/genomes/all/GCA/000/979/735/GCA_000979735.1_gtlEnvA5udCFS	25756680	3.H.A.2.5	000979735.1
SRR12393507	4924672	1487250944	4924672	302	453	https://sra-downloadb.be-md.ncbi.nlm.nih.gov/sos3/sra-pub-run-20/SRR12393507/SRR12393507.1	SRX8891847	WGS	RANDOM	GENOMIC	PAIRED	0	0	ILLUMINA	Illumina NovaSeq 6000	SRP276077	PRJNA632150	632150	SRS7151319	SAMN14908281	simple	39152	Methanococcus maripaludis	Gp0457692	JGI	SRA1108602	public	Methanococcus maripaludis	39152	PRJNA632150	632150	Euryarchaeota	Methanomada group	1.74087	32.8	-	JACDUI01	5	1878	1820	2020-07-27	2020-08-03	Scaffold	DOE Joint Genome Institute	GCA_013761055.1	-	ftp://ftp.ncbi.nlm.nih.gov/genomes/all/GCA/013/761/055/GCA_013761055.1_ASM1376105v1	-	A4	013761055.1
SRR11290203	912751	368608554	912751	403	161	https://sra-downloadb.be-md.ncbi.nlm.nih.gov/sos3/sra-pub-run-19/SRR11290203/SRR11290203.1	SRX7895785	WGS	RANDOM	GENOMIC	PAIRED	0	0	ILLUMINA	Illumina MiSeq	SRP252418	PRJNA611991	611991	SRS6304350	SAMN14355044	simple	172045	Elizabethkingia miricola	IMT47538	INSTITUTE FOR MICROBIOLOGY AND EPIZOOTICS, FREIE UNIVERSITY BERLIN	SRA1053917	public	Elizabethkingia miricola	172045	PRJNA611991	611991	FCB group	Bacteroidetes/Chlorobi group	4.23813	35.9	-	JAAOKX01	434	3975	3820	2020-03-20	2020-09-06	Contig	Institute for Microbiology and Epizootics, Freie University Berlin	GCA_011601205.1	-	ftp://ftp.ncbi.nlm.nih.gov/genomes/all/GCA/011/601/205/GCA_011601205.1_ASM1160120v1	-	IMT47538	011601205.1
SRR3948079	7125750	2137725000	7125750	300	1381	https://sra-downloadb.st-va.ncbi.nlm.nih.gov/sos2/sra-pub-run-3/SRR3948079/SRR3948079.1	SRX1973078	WGS	RANDOM	GENOMIC	PAIRED	0	0	ILLUMINA	Illumina HiSeq 2000	SRP079561	PRJNA165383	165383	SRS1581409	SAMN02256446	simple	1121373	Cytophaga aurantiaca DSM 3654	ARBN	JGI	SRA443641	public	Cytophaga aurantiaca DSM 3654	1121373	PRJNA165383	165383	FCB group	Bacteroidetes/Chlorobi group	4.42513	37.1	-	ARBN01	47	3813	3746	2013-04-22	2021-05-04	Scaffold	DOE Joint Genome Institute	GCA_000379725.1	REPR	ftp://ftp.ncbi.nlm.nih.gov/genomes/all/GCA/000/379/725/GCA_000379725.1_ASM37972v1	-	DSM 3654	000379725.1
SRR6003503	3500284	882071568	3500284	252	500	https://sra-downloadb.st-va.ncbi.nlm.nih.gov/sos1/sra-pub-run-12/SRR6003503/SRR6003503.1	SRX3158762	WGS	RANDOM	GENOMIC	PAIRED	0	0	ILLUMINA	Illumina HiSeq 2500	SRP116759	PRJNA400855	400855	SRS2490098	SAMN07581378	simple	680127	Chryseobacterium culicis	MYb44	ZOOLOGICAL INSTITUTE, KIEL UNIVERSITY	SRA605239	public	Chryseobacterium culicis	680127	PRJNA400855	400855	FCB group	Bacteroidetes/Chlorobi group	5.01136	36.1	-	PCPH01	14	4548	4432	2018-03-07	2020-11-09	Scaffold	Zoological Institute, Kiel University	GCA_002979665.1	-	ftp://ftp.ncbi.nlm.nih.gov/genomes/all/GCA/002/979/665/GCA_002979665.1_ASM297966v1	-	MYb44	002979665.1
SRR5419953	6812907	1376207214	6812907	202	837	https://sra-downloadb.st-va.ncbi.nlm.nih.gov/sos1/sra-pub-run-8/SRR5419953/SRR5419953.1	SRX2711483	WGS	RANDOM	GENOMIC	PAIRED	501	0	ILLUMINA	Illumina HiSeq 2500	SRP040661	PRJNA231221	231221	SRS2103212	SAMN06173350	simple	253	Chryseobacterium indologenes	FDAARGOS_337	UMIGS	SRA550379	public	Chryseobacterium indologenes	253	PRJNA231221	231221	FCB group	Bacteroidetes/Chlorobi group	5.11939	37.2	chromosome:NZ_CP022058.2/CP022058.2	-	1	4625	4458	2017-06-27	2020-11-09	Complete Genome	US Food and Drug Administration	GCA_002208925.2	-	ftp://ftp.ncbi.nlm.nih.gov/genomes/all/GCA/002/208/925/GCA_002208925.2_ASM220892v2	-	FDAARGOS_337	002208925.2
SRR11789447	640394	184979098	640394	288	60	https://sra-downloadb.st-va.ncbi.nlm.nih.gov/sos1/sra-pub-run-18/SRR11789447/SRR11789447.1	SRX8341506	WGS	RANDOM	GENOMIC	PAIRED	0	0	ILLUMINA	NextSeq 500	SRP101913	PRJNA377666	377666	SRS6665680	SAMN14913549	simple	1841865	Mediterranea massiliensis	Mediterranea massiliensis An421	VETERINARY RESEARCH INSTITUTE	SRA1075400	public	Mediterranea massiliensis	1841865	PRJNA377666	377666	FCB group	Bacteroidetes/Chlorobi group	3.61439	48.7	-	JACJMO01	77	3018	2880	2021-02-16	2021-02-24	Contig	Veterinary Research Institute	GCA_016902375.1	-	ftp://ftp.ncbi.nlm.nih.gov/genomes/all/GCA/016/902/375/GCA_016902375.1_ASM1690237v1	33558560	An421	016902375.1
DRR164900	1500325	776071320	1500325	517	330	https://sra-downloadb.st-va.ncbi.nlm.nih.gov/sos2/sra-pub-run-4/DRR164900/DRR164900.1	DRX155519	WGS	RANDOM	GENOMIC	PAIRED	700	0	ILLUMINA	Illumina MiSeq	DRP004708	PRJDB7856	511851	DRS083304	SAMD00156218	simple	157687	Leptotrichia wadei	SAMD00156218	JICHI_MED	DRA007809	public	Leptotrichia wadei	157687	PRJDB7856	511851	Fusobacteria	Fusobacteriia	2.36123	29.6	chromosome:NZ_AP019834.1/AP019834.1	-	1	2212	2078	2019-07-24	2020-12-15	Complete Genome	Division of Bacteriology, Department of Infection and Immunity, School of Medicine, Jichi Medical University	GCA_007990385.1	-	ftp://ftp.ncbi.nlm.nih.gov/genomes/all/GCA/007/990/385/GCA_007990385.1_ASM799038v1	-	JMUB3933	007990385.1
SRR8178583	7433622	2244953844	7433622	302	911	https://sra-downloadb.st-va.ncbi.nlm.nih.gov/sos2/sra-pub-run-3/SRR8178583/SRR8178583.1	SRX4998683	WGS	RANDOM	GENOMIC	PAIRED	567	0	ILLUMINA	Illumina HiSeq 4000	SRP040661	PRJNA231221	231221	SRS4033567	SAMN10163189	simple	859	Fusobacterium necrophorum	FDAARGOS_565	UMIGS	SRA807371	public	Fusobacterium necrophorum	859	PRJNA231221	231221	Fusobacteria	Fusobacteriia	2.6784	34	chromosome:NZ_CP033837.1/CP033837.1	-	1	2401	2230	2018-11-21	2020-10-23	Complete Genome	US Food and Drug Administration	GCA_003812825.1	-	ftp://ftp.ncbi.nlm.nih.gov/genomes/all/GCA/003/812/825/GCA_003812825.1_ASM381282v1	-	FDAARGOS_565	003812825.1
DRR164899	1487554	742253230	1487554	498	320	https://sra-downloadb.st-va.ncbi.nlm.nih.gov/sos2/sra-pub-run-4/DRR164899/DRR164899.1	DRX155518	WGS	RANDOM	GENOMIC	PAIRED	700	0	ILLUMINA	Illumina MiSeq	DRP004708	PRJDB7856	511851	DRS083303	SAMD00156217	simple	109328	Leptotrichia trevisanii	SAMD00156217	JICHI_MED	DRA007809	public	Leptotrichia trevisanii	109328	PRJDB7856	511851	Fusobacteria	Fusobacteriia	2.87054	30.6196	chromosome:NZ_AP019831.1/AP019831.1; plasmid pJMUB3870-1:NZ_AP019832.1/AP019832.1; plasmid pJMUB3870-2:NZ_AP019833.1/AP019833.1	-	3	2619	2467	2019-07-24	2020-12-15	Complete Genome	Division of Bacteriology, Department of Infection and Immunity, School of Medicine, Jichi Medical University	GCA_007990365.1	REPR	ftp://ftp.ncbi.nlm.nih.gov/genomes/all/GCA/007/990/365/GCA_007990365.1_ASM799036v1	-	JMUB3870	007990365.1
ERR4147232	8676789	2603036700	8676789	300	1148	https://sra-downloadb.be-md.ncbi.nlm.nih.gov/sos3/sra-pub-run-25/ERR4147232/ERR4147232.1	ERX4112982	WGS	RANDOM	GENOMIC	PAIRED	0	0	ILLUMINA	unspecified	ERP118964	PRJEB35845	629180	ERS4558938	SAMEA6831318	simple	850	Fusobacterium mortiferum	NZ_Fusobacterium_mortiferum_9G6_BL_hyb	CENTER FOR GUT MICROBIOME AND NUTRITION RESEARCH,	ERA2598263	public	Fusobacterium mortiferum	850	PRJEB35845	629180	Fusobacteria	Fusobacteriia	2.82258	29.2	-	CAEUHP01	4	2754	2632	2020-06-03	2021-07-06	Contig	Center for Gut Microbiome and Nutrition Research, Washington University School of Medicine	GCA_903181465.1	REPR	ftp://ftp.ncbi.nlm.nih.gov/genomes/all/GCA/903/181/465/GCA_903181465.1_NZ_Fusobacterium_mortiferum_9G6_BL_hyb	-	NZ_Fusobacterium_mortiferum_9G6_BL_hyb	903181465.1
DRR164904	1282725	628903490	1282725	490	269	https://sra-downloadb.st-va.ncbi.nlm.nih.gov/sos2/sra-pub-run-4/DRR164904/DRR164904.1	DRX155523	WGS	RANDOM	GENOMIC	PAIRED	700	0	ILLUMINA	Illumina MiSeq	DRP004708	PRJDB7856	511851	DRS083308	SAMD00156222	simple	157692	Pseudoleptotrichia goodfellowii	SAMD00156222	JICHI_MED	DRA007809	public	Pseudoleptotrichia goodfellowii	157692	PRJDB7856	511851	Fusobacteria	Fusobacteriia	2.29073	31.7	chromosome:NZ_AP019822.1/AP019822.1	-	1	2243	2148	2019-07-24	2020-12-15	Complete Genome	Division of Bacteriology, Department of Infection and Immunity, School of Medicine, Jichi Medical University	GCA_007990505.1	REPR	ftp://ftp.ncbi.nlm.nih.gov/genomes/all/GCA/007/990/505/GCA_007990505.1_ASM799050v1	-	JCM16774	007990505.1
DRR183252	8195082	2367358035	8195082	288	996	https://sra-downloadb.be-md.ncbi.nlm.nih.gov/sos3/sra-pub-run-20/DRR183252/DRR183252.1	DRX173733	WGS	RANDOM	GENOMIC	PAIRED	650	0	ILLUMINA	NextSeq 500	DRP005205	PRJDB8320	543587	DRS101173	SAMD00172293	simple	2580394	Thermodesulfovibrio sp. Kuro-1	SAMD00172293	TOYOHASHI_TECH	DRA008617	public	Thermodesulfovibrio sp. Kuro-1	2580394	PRJDB8320	543587	Nitrospirae	Thermodesulfovibrionia	1.93248	34	-	BJKS01	11	1992	1927	2019-05-29	2020-08-01	Contig	Applied Chemistry and Life Science, Toyohashi University of Technology	GCA_006538445.1	-	ftp://ftp.ncbi.nlm.nih.gov/genomes/all/GCA/006/538/445/GCA_006538445.1_ASM653844v1	-	Kuro-1	006538445.1
SRR11451567	436579	213061218	436579	488	111	https://sra-downloadb.be-md.ncbi.nlm.nih.gov/sos3/sra-pub-run-21/SRR11451567/SRR11451567.1	SRX8029339	WGS	RANDOM	GENOMIC	PAIRED	0	0	ILLUMINA	Illumina MiSeq	SRP254612	PRJNA588455	588455	SRS6401762	SAMN14487853	simple	1939601	Haematospirillum sp.	H4890	CDC-SBRL	SRA1060831	public	Haematospirillum sp. H4890	2723110	PRJNA588455	588455	Other	Other	2.37623	55.8	-	JAAVSW01	29	2207	2110	2020-04-06	2021-04-08	Contig	Bacterial Special Pathogens Branch (CDC)	GCA_012102655.1	-	ftp://ftp.ncbi.nlm.nih.gov/genomes/all/GCA/012/102/655/GCA_012102655.1_ASM1210265v1	-	H4890	012102655.1
SRR11451571	514273	227677054	514273	442	136	https://sra-downloadb.be-md.ncbi.nlm.nih.gov/sos3/sra-pub-run-21/SRR11451571/SRR11451571.1	SRX8029335	WGS	RANDOM	GENOMIC	PAIRED	0	0	ILLUMINA	Illumina MiSeq	SRP254612	PRJNA588455	588455	SRS6401759	SAMN14487849	simple	1939601	Haematospirillum sp.	H1815	CDC-SBRL	SRA1060831	public	Haematospirillum sp. H1815	2723108	PRJNA588455	588455	Other	Other	2.26843	55.8	-	JAAVTA01	24	2092	2004	2020-04-06	2021-04-08	Contig	Bacterial Special Pathogens Branch (CDC)	GCA_012102705.1	-	ftp://ftp.ncbi.nlm.nih.gov/genomes/all/GCA/012/102/705/GCA_012102705.1_ASM1210270v1	-	H1815	012102705.1
SRR12398580	9795917	2958366934	9795917	302	854	https://sra-downloadb.be-md.ncbi.nlm.nih.gov/sos3/sra-pub-run-21/SRR12398580/SRR12398580.1	SRX8896798	WGS	RANDOM	GENOMIC	PAIRED	0	0	ILLUMINA	Illumina NovaSeq 6000	SRP276317	PRJNA632164	632164	SRS7155586	SAMN14915968	simple	2735897	Leptothrix sp. C29	Gp0457712	JGI	SRA1109080	public	Leptothrix sp. C29	2735897	PRJNA632164	632164	Other	Other	4.89112	70.9	-	JABSNM01	48	4424	4284	2020-06-08	2021-07-02	Scaffold	DOE Joint Genome Institute	GCA_013294065.1	-	ftp://ftp.ncbi.nlm.nih.gov/genomes/all/GCA/013/294/065/GCA_013294065.1_ASM1329406v1	-	C29	013294065.1
ERR486179	1833155	366631000	1833155	200	259	https://sra-downloadb.st-va.ncbi.nlm.nih.gov/sos2/sra-pub-run-4/ERR486179/ERR486179.1	ERX452011	WGS	RANDOM	GENOMIC	PAIRED	250	0	ILLUMINA	Illumina HiSeq 2000	ERP004424	PRJEB5065	244030	ERS380606	SAMEA2273211	simple	158836	Enterobacter hormaechei	SAMEA2273211	SC	ERA302551	public	Enterobacter hormaechei	158836	PRJEB5065	244030	Proteobacteria	Gammaproteobacteria	4.84703	55.6	-	FKCP01	36	4700	4524	2016-04-06	2021-02-01	Scaffold	Wellcome Sanger Institute	GCA_900076905.1	-	ftp://ftp.ncbi.nlm.nih.gov/genomes/all/GCA/900/076/905/GCA_900076905.1_12045_4_82	-	e302	900076905.1
ERR1415580	1149098	287274500	1149098	250	81	https://sra-downloadb.st-va.ncbi.nlm.nih.gov/sos1/sra-pub-run-8/ERR1415580/ERR1415580.1	ERX1486364	WGS	RANDOM	GENOMIC	PAIRED	464	80	ILLUMINA	Illumina HiSeq 2000	ERP011196	PRJEB10018	308677	ERS1028099	SAMEA3720950	simple	573	Klebsiella pneumoniae	SAMEA3720950	THE WELLCOME TRUST SANGER INSTITUTE	ERA624579	public	Klebsiella pneumoniae	573	PRJEB10018	308677	Proteobacteria	Gammaproteobacteria	5.62554	57.1	-	UJEG01	150	5537	5314	2018-08-19	2020-08-10	Contig	Wellcome Sanger Institute	GCA_900503975.1	-	ftp://ftp.ncbi.nlm.nih.gov/genomes/all/GCA/900/503/975/GCA_900503975.1_19084_3_127	-	EuSCAPE_UK081	900503975.1
SRR2566971	827256	415874689	827256	502	218	https://sra-downloadb.st-va.ncbi.nlm.nih.gov/sos2/sra-pub-run-4/SRR2566971/SRR2566971.1	SRX1308679	WGS	RANDOM	GENOMIC	PAIRED	0	0	ILLUMINA	Illumina MiSeq	SRP063697	PRJNA292661	292661	SRS1102169	SAMN03894169	simple	1620419	Salmonella enterica subsp. enterica serovar Typhimurium var. 5-	CVM N45935	FDA	SRA303063	public	Salmonella enterica subsp. enterica serovar Typhimurium var. 5-	1620419	PRJNA242614	242614	Proteobacteria	Gammaproteobacteria	4.96972	52.1	-	LHGY01	96	4869	4638	2015-08-05	2021-01-14	Contig	FDA	GCA_001242275.1	-	ftp://ftp.ncbi.nlm.nih.gov/genomes/all/GCA/001/242/275/GCA_001242275.1_Salmonella_enterica_CVM_N45935_v1.0	-	CVM N45935	001242275.1
DRR102967	1248565	651109329	1248565	521	449	https://sra-downloadb.st-va.ncbi.nlm.nih.gov/sos2/sra-pub-run-4/DRR102967/DRR102967.1	DRX096387	WGS	RANDOM	GENOMIC	PAIRED	600	0	ILLUMINA	Illumina MiSeq	DRP003877	PRJDB5579	415741	DRS052301	SAMD00077375	simple	562	Escherichia coli	SAMD00077375	KYUSHU	DRA006181	public	Escherichia coli	562	PRJDB5579	415741	Proteobacteria	Gammaproteobacteria	4.83594	50.6	-	BFWF01	140	4746	4478	2019-04-16	2021-05-28	Scaffold	Microbiology, Graduate School of Medical Sciences, Kyushu University	GCA_005390125.1	-	ftp://ftp.ncbi.nlm.nih.gov/genomes/all/GCA/005/390/125/GCA_005390125.1_ASM539012v1	-	KK-NP014	005390125.1
SRR4136598	3856629	1156988700	3856629	300	468	https://sra-downloadb.st-va.ncbi.nlm.nih.gov/sos1/sra-pub-run-10/SRR4136598/SRR4136598.1	SRX2120264	WGS	RANDOM	GENOMIC	PAIRED	0	0	ILLUMINA	Illumina HiSeq 2500	SRP085057	PRJNA265370	265370	SRS1668011	SAMN03159443	simple	1566243	Pseudomonas sp. NFACC15-1	1049505	JGI	SRA460888	public	Pseudomonas sp. NFACC15-1	1566243	PRJEB16199	348921	Proteobacteria	Gammaproteobacteria	6.766	61.3	-	FMXJ01	82	5962	5821	2016-10-20	2021-07-16	Scaffold	DOE - JOINT GENOME INSTITUTE	GCA_900103555.1	-	ftp://ftp.ncbi.nlm.nih.gov/genomes/all/GCA/900/103/555/GCA_900103555.1_IMG-taxon_2599185212_annotated_assembly	-	NFACC15-1	900103555.1
ERR085299	1925798	288869700	1925798	150	162	https://sra-downloadb.st-va.ncbi.nlm.nih.gov/sos2/sra-pub-run-6/ERR085299/ERR085299.3	ERX063065	WGS	RANDOM	GENOMIC	PAIRED	233	78	ILLUMINA	Illumina HiSeq 2000	ERP000949	PRJEB2710	204487	ERS067033	SAMEA1094331	simple	83555	Chlamydia abortus	SAMEA1094331	SC	ERA087402	public	Chlamydia abortus	83555	PRJEB17758	386127	PVC group	Chlamydiae	1.15816	39.9	-	FPKZ01	3	1052	966	2017-05-10	2021-03-08	Contig	Wellcome Trust Sanger Institute, Wellcome Genome Campus	GCA_900118545.1	-	ftp://ftp.ncbi.nlm.nih.gov/genomes/all/GCA/900/118/545/GCA_900118545.1_7067_6_37	-	C1_98	900118545.1
ERR085327	1949934	292490100	1949934	150	182	https://sra-downloadb.st-va.ncbi.nlm.nih.gov/sos2/sra-pub-run-6/ERR085327/ERR085327.5	ERX063093	WGS	RANDOM	GENOMIC	PAIRED	233	78	ILLUMINA	Illumina HiSeq 2000	ERP000949	PRJEB2710	204487	ERS067061	SAMEA1094374	simple	83555	Chlamydia abortus	SAMEA1094374	SC	ERA087402	public	Chlamydia abortus	83555	PRJEB17758	386127	PVC group	Chlamydiae	1.16656	39.9	-	FPLY01	8	1052	966	2017-05-10	2021-03-08	Scaffold	Wellcome Trust Sanger Institute, Wellcome Genome Campus	GCA_900118775.1	-	ftp://ftp.ncbi.nlm.nih.gov/genomes/all/GCA/900/118/775/GCA_900118775.1_7067_6_65	-	10DC85	900118775.1
SRR489349	5279220	1066402440	5279220	202	702	https://sra-downloadb.st-va.ncbi.nlm.nih.gov/sos2/sra-pub-run-4/SRR489349/SRR489349.2	SRX143435	WGS	RANDOM	GENOMIC	PAIRED	0	0	ILLUMINA	Illumina HiSeq 2000	SRP012340	PRJNA77115	77115	SRS309850	SAMN00860218	simple	1112271	Chlamydia psittaci 09DC80	PPSIT_09DC80	UMIGS	SRA051917	public	Chlamydia psittaci 09DC80	1112271	PRJNA77115	77115	PVC group	Chlamydiae	1.19028	39.1	-	ATLB01	16	1043	969	2013-06-25	2020-11-29	Scaffold	University of Maryland School of Medicine	GCA_000415765.1	-	ftp://ftp.ncbi.nlm.nih.gov/genomes/all/GCA/000/415/765/GCA_000415765.1_ASM41576v1	-	09DC80	000415765.1
ERR3288031	772304	202542947	772304	262	90	https://sra-downloadb.be-md.ncbi.nlm.nih.gov/sos3/sra-pub-run-21/ERR3288031/ERR3288031.1	ERX3314536	WGS	RANDOM	GENOMIC	PAIRED	150	0	ILLUMINA	Illumina MiSeq	ERP114896	PRJEB32243	540455	ERS3372269	SAMEA5570248	simple	813	Chlamydia trachomatis	SAMEA5570248	NATIONAL INSTITUTE OF HEALTH DR. RICARDO JORGE	ERA1842257	public	Chlamydia trachomatis	813	PRJEB32243	540455	PVC group	Chlamydiae	1.0467	41.3	-	CAAKND01	9	955	895	2019-05-08	2021-05-14	Contig	NATIONAL INSTITUTE OF HEALTH DR. RICARDO JORGE	GCA_901111715.1	-	ftp://ftp.ncbi.nlm.nih.gov/genomes/all/GCA/901/111/715/GCA_901111715.1_Ct_L2b_D_PT05	-	Ct_L2b_D_PT05	901111715.1
ERR1760467	310211	141681409	310211	456	80	https://sra-downloadb.st-va.ncbi.nlm.nih.gov/sos2/sra-pub-run-4/ERR1760467/ERR1760467.1	ERX1826787	WGS	RANDOM	GENOMIC	PAIRED	400	0	ILLUMINA	Illumina MiSeq	ERP019897	PRJEB17986	379679	ERS1455126	SAMEA4555947	simple	83559	Chlamydia suis	SAMEA4555947	FUNCTIONAL GENOMICS GENTER ZURICH	ERA777258	public	Chlamydia suis	83559	PRJEB17986	379679	PVC group	Chlamydiae	1.09606	41.7	-	FTPY01	2	973	906	2017-03-18	2021-07-28	Contig	University Hospital Basel	GCA_900149365.1	-	ftp://ftp.ncbi.nlm.nih.gov/genomes/all/GCA/900/149/365/GCA_900149365.1_3-29b	-	3-29b	900149365.1
SRR714177	2444351	493758902	2444351	202	305	https://sra-downloadb.st-va.ncbi.nlm.nih.gov/sos1/sra-pub-run-8/SRR714177/SRR714177.1	SRX236692	WGS	RANDOM	GENOMIC	PAIRED	550	100	ILLUMINA	Illumina HiSeq 2000	SRP018626	PRJNA189001	189001	SRS394399	SAMN01920566	simple	1291334	Leptospira interrogans serovar Copenhageni str. Fiocruz LV2816	1134117518553 Leptospira interrogans serovar Copenhageni str. Fiocruz LV2812   LSOL124-PE-IL44-1 Sample	JCVI	SRA066862	public	Leptospira interrogans serovar Copenhageni str. Fiocruz LV2816	1291334	PRJNA189001	189001	Spirochaetes	Spirochaetia	4.63688	35	-	AOVP01	137	3788	3650	2013-03-01	2020-12-18	Contig	J. Craig Venter Institute	GCA_000343655.1	-	ftp://ftp.ncbi.nlm.nih.gov/genomes/all/GCA/000/343/655/GCA_000343655.1_CA_glsol124	-	Fiocruz LV2816	000343655.1
SRR4272049	6556612	1324435624	6556612	202	887	https://sra-downloadb.st-va.ncbi.nlm.nih.gov/sos1/sra-pub-run-10/SRR4272049/SRR4272049.1	SRX2179272	WGS	RANDOM	GENOMIC	PAIRED	466	0	ILLUMINA	Illumina HiSeq 2000	SRP040661	PRJNA231221	231221	SRS1704428	SAMN04875540	simple	44275	Leptospira interrogans serovar Copenhageni	FDAARGOS_203	UMIGS	SRA149653	public	Leptospira interrogans serovar Copenhageni	44275	PRJNA231221	231221	Spirochaetes	Spirochaetia	4.63076	35	chromosome:NZ_CP020414.2/CP020414.2; plasmid unnamed1:NZ_CP020413.2/CP020413.2	-	2	3742	3623	2017-03-29	2020-12-25	Complete Genome	US Food and Drug Administration	GCA_002073495.2	REPR	ftp://ftp.ncbi.nlm.nih.gov/genomes/all/GCA/002/073/495/GCA_002073495.2_ASM207349v2	-	FDAARGOS_203	002073495.2
SRR1542538	4034216	1218333232	4034216	302	691	https://sra-downloadb.st-va.ncbi.nlm.nih.gov/sos2/sra-pub-run-6/SRR1542538/SRR1542538.1	SRX673960	WGS	RANDOM	GENOMIC	PAIRED	300	0	ILLUMINA	Illumina HiSeq 2500	SRP045400	PRJNA257237	257237	SRS677742	SAMN02949574	simple	173	Leptospira interrogans	LG32	CHINESE NATIONAL HUMAN GENOME CENTER AT SHANGHAI	SRA178632	public	Leptospira interrogans	173	PRJNA257237	257237	Spirochaetes	Spirochaetia	4.61999	34.9	-	JQOY01	234	3807	3628	2016-02-24	2021-01-19	Contig	Chinese National Human Genome Center at Shanghai	GCA_001567825.1	-	ftp://ftp.ncbi.nlm.nih.gov/genomes/all/GCA/001/567/825/GCA_001567825.1_ASM156782v1	26833181	G32	001567825.1
SRR712415	1554156	313939512	1554156	202	190	https://sra-downloadb.st-va.ncbi.nlm.nih.gov/sos2/sra-pub-run-6/SRR712415/SRR712415.1	SRX236216	WGS	RANDOM	GENOMIC	PAIRED	400	100	ILLUMINA	Illumina HiSeq 2000	SRP018603	PRJNA188980	188980	SRS394282	SAMN01919807	simple	1291234	Leptospira kirschneri serovar Mozdok 1 str. Vehlefans 3	1134117518511 Leptospira kirschneri serovar Mozdok 1 str. Vehlefans 3   LSOL062-PE-IL24-1 Sample	JCVI	SRA066816	public	Leptospira kirschneri serovar Mozdok 1 str. Vehlefans 3	1291234	PRJNA188980	188980	Spirochaetes	Spirochaetia	4.40099	35.9	-	AOWK01	179	3654	3470	2013-03-01	2020-12-20	Contig	J. Craig Venter Institute	GCA_000342725.1	-	ftp://ftp.ncbi.nlm.nih.gov/genomes/all/GCA/000/342/725/GCA_000342725.1_CA_glsol062	-	Vehlefans 3	000342725.1
SRR1542505	4631628	1398751656	4631628	302	861	https://sra-downloadb.st-va.ncbi.nlm.nih.gov/sos2/sra-pub-run-4/SRR1542505/SRR1542505.1	SRX673929	WGS	RANDOM	GENOMIC	PAIRED	300	0	ILLUMINA	Illumina HiSeq 2500	SRP045400	PRJNA257237	257237	SRS677711	SAMN02949546	simple	173	Leptospira interrogans	L56638	CHINESE NATIONAL HUMAN GENOME CENTER AT SHANGHAI	SRA178632	public	Leptospira interrogans	173	PRJNA257237	257237	Spirochaetes	Spirochaetia	4.81446	35	-	JQPQ01	389	4063	3833	2016-02-24	2021-01-24	Contig	Chinese National Human Genome Center at Shanghai	GCA_001567975.1	-	ftp://ftp.ncbi.nlm.nih.gov/genomes/all/GCA/001/567/975/GCA_001567975.1_ASM156797v1	26833181	56638	001567975.1
SRR3928087	31292718	4756493136	31292718	152	2565	https://sra-downloadb.st-va.ncbi.nlm.nih.gov/sos2/sra-pub-run-3/SRR3928087/SRR3928087.1	SRX1957772	WGS	RANDOM	GENOMIC	PAIRED	0	0	ILLUMINA	Illumina Genome Analyzer IIx	SRP006526	PRJNA63635	63635	SRS1568310	SAMN02261412	simple	885272	Jonquetella anthropi DSM 22815	AGRU	JGI	SRA441338	public	Jonquetella anthropi DSM 22815	885272	PRJNA63635	63635	Synergistetes	Synergistia	1.67593	59.5	chromosome:NZ_CM001376.1/CM001376.1	AGRU01	1	1584	1504	2011-12-12	2021-06-20	Chromosome	JGI	GCA_000237805.1	REPR	ftp://ftp.ncbi.nlm.nih.gov/genomes/all/GCA/000/237/805/GCA_000237805.1_ASM23780v1	-	DSM 22815	000237805.1
SRR3923928	17000340	2584051680	17000340	152	1022	https://sra-downloadb.st-va.ncbi.nlm.nih.gov/sos2/sra-pub-run-3/SRR3923928/SRR3923928.1	SRX1950447	WGS	RANDOM	GENOMIC	PAIRED	0	0	ILLUMINA	Illumina Genome Analyzer II	SRP002565	PRJNA36571	36571	SRS1565067	SAMN02598509	simple	633148	Thermosphaera aggregans DSM 11486	CP001939	JGI	SRA440655	public	Thermosphaera aggregans DSM 11486	633148	PRJNA36571	36571	TACK group	Crenarchaeota	1.31659	46.7	chromosome:NC_014160.1/CP001939.1	-	1	1455	1395	2010-05-17	2021-07-24	Complete Genome	US DOE Joint Genome Institute (JGI-PGF)	GCA_000092185.1	REPR	ftp://ftp.ncbi.nlm.nih.gov/genomes/all/GCA/000/092/185/GCA_000092185.1_ASM9218v1	21304709	DSM 11486	000092185.1
SRR3923853	25670707	3901947464	25670707	152	1665	https://sra-downloadb.st-va.ncbi.nlm.nih.gov/sos2/sra-pub-run-3/SRR3923853/SRR3923853.1	SRX1950372	WGS	RANDOM	GENOMIC	PAIRED	0	0	ILLUMINA	Illumina Genome Analyzer II	SRP003281	PRJNA48579	48579	SRS1565052	SAMN02232047	simple	694429	Pyrolobus fumarii 1A	CP002838	JGI	SRA440635	public	Pyrolobus fumarii 1A	694429	PRJNA48579	48579	TACK group	Crenarchaeota	1.84327	54.9	chromosome:NC_015931.1/CP002838.1	-	1	2003	1944	2011-08-12	2021-04-09	Complete Genome	DOE Joint Genome Institute	GCA_000223395.1	REPR	ftp://ftp.ncbi.nlm.nih.gov/genomes/all/GCA/000/223/395/GCA_000223395.1_ASM22339v1	21886865	1A	000223395.1
ERR025451	2210530	495158720	0	224	371	https://sra-downloadb.st-va.ncbi.nlm.nih.gov/sos2/sra-pub-run-4/ERR025451/ERR025451.1	ERX2005376	WGS	RANDOM	GENOMIC	PAIRED	207	56	ILLUMINA	Illumina Genome Analyzer II	ERP000111	PRJEB2057	203786	ERS013505	SAMEA968177	simple	1773	Mycobacterium tuberculosis	SAMEA968177	SC	ERA015892	public	Mycobacterium tuberculosis	1773	PRJEB2057	203786	Terrabacteria group	Actinobacteria	4.20024	65.1	-	CQUB01	911	4539	3944	2015-03-22	2021-06-06	Scaffold	Wellcome Sanger Institute	GCA_001192575.1	-	ftp://ftp.ncbi.nlm.nih.gov/genomes/all/GCA/001/192/575/GCA_001192575.1_5237_8_10	-	M09500081	001192575.1
DRR239351	1544161	876799803	1544161	567	508	https://sra-download.ncbi.nlm.nih.gov/traces/dra4/DRR/000233/DRR239351	DRX229232	WGS	RANDOM	GENOMIC	PAIRED	600	0	ILLUMINA	Illumina MiSeq	DRP006349	PRJDB10330	649456	DRS148128	SAMD00238723	simple	119602	Streptococcus dysgalactiae subsp. equisimilis	SAMD00238723	KYOTO_GM	DRA010603	public	Streptococcus dysgalactiae subsp. equisimilis	119602	PRJDB10330	649456	Terrabacteria group	Firmicutes	2.15861	39.4	chromosome:NZ_AP023393.1/AP023393.1	-	1	2119	1950	2020-08-08	2020-12-15	Complete Genome	Department of Microbiology, Graduate School of Medicine, Kyoto University	GCA_014192695.1	-	ftp://ftp.ncbi.nlm.nih.gov/genomes/all/GCA/014/192/695/GCA_014192695.1_ASM1419269v1	-	89	014192695.1
SRR494372	1496378	302268356	1496378	202	225	https://sra-downloadb.st-va.ncbi.nlm.nih.gov/sos2/sra-pub-run-4/SRR494372/SRR494372.2	SRX146237	WGS	RANDOM	GENOMIC	PAIRED	300	75	ILLUMINA	Illumina Genome Analyzer II	SRP012820	PRJNA86455	86455	SRS312350	SAMN00991164	simple	1154891	Streptococcus agalactiae GB00002	1132710704022 Streptococcus agalactiae GB00002 GB00002-PE-ILI3-2 Sample	JCVI	SRA052488	public	Streptococcus agalactiae GB00002	1154891	PRJNA86455	86455	Terrabacteria group	Firmicutes	1.96875	35.1	-	ALSL01	15	1952	1854	2012-08-15	2020-11-08	Contig	The J. Craig Venter Institute	GCA_000289475.1	-	ftp://ftp.ncbi.nlm.nih.gov/genomes/all/GCA/000/289/475/GCA_000289475.1_ASM28947v1	-	GB00002	000289475.1
ERR5984864	443968	168811950	443968	380	81	https://sra-download.ncbi.nlm.nih.gov/traces/era0/ERR/ERR5984/ERR5984864	ERX5624569	WGS	RANDOM	GENOMIC	PAIRED	0	0	ILLUMINA	Illumina MiSeq	ERP129457	PRJEB45360	733759	ERS6796616	SAMEA9068300	simple	1282	Staphylococcus epidermidis	SAMEA9068300	NATIONAL INSTITUTE OF HEALTH DR. RICARDO JORGE	ERA4501582	public	Staphylococcus epidermidis	1282	PRJEB45360	733759	Terrabacteria group	Firmicutes	2.33421	32.4	-	CAJUXB01	387	2294	2119	2021-07-06	2021-07-13	Contig	NATIONAL INSTITUTE OF HEALTH DR. RICARDO JORGE	GCA_910591405.1	-	ftp://ftp.ncbi.nlm.nih.gov/genomes/all/GCA/910/591/405/GCA_910591405.1_Sep_C31_CVC_2019	-	Sep_C31_CVC_2019	910591405.1
DRR107271	803513	412393658	803513	513	257	https://sra-download.ncbi.nlm.nih.gov/traces/dra4/DRR/000104/DRR107271	DRX100360	WGS	RANDOM	GENOMIC	PAIRED	300	0	ILLUMINA	Illumina MiSeq	DRP006482	PRJDB5246	486282	DRS151554	SAMD00083631	simple	1280	Staphylococcus aureus	SAMD00083631	CHIBA_U	DRA006241	public	Staphylococcus aureus	1280	PRJDB5246	486282	Terrabacteria group	Firmicutes	2.7728	32.6	-	BEBV01	64	2766	2604	2018-08-15	2020-08-08	Contig	Medical Mycology Research Center	GCA_003422285.1	-	ftp://ftp.ncbi.nlm.nih.gov/genomes/all/GCA/003/422/285/GCA_003422285.1_ASM342228v1	-	M6K122	003422285.1
SRR3721461	6007828	1802348400	6007828	300	1189	https://sra-downloadb.st-va.ncbi.nlm.nih.gov/sos2/sra-pub-run-3/SRR3721461/SRR3721461.1	SRX1879429	WGS	RANDOM	GENOMIC	PAIRED	0	0	ILLUMINA	Illumina HiSeq 2000	SRP025105	PRJNA188821	188821	SRS1526516	SAMN02440586	simple	1123371	Thermodesulfatator atlanticus DSM 21156	ATXH	JGI	SRA436021	public	Thermodesulfatator atlanticus DSM 21156	1123371	PRJNA188821	188821	Thermodesulfobacteria	Thermodesulfobacteria	2.30228	45	-	ATXH01	60	2274	2194	2013-07-09	2021-07-27	Contig	DOE Joint Genome Institute	GCA_000421585.1	REPR	ftp://ftp.ncbi.nlm.nih.gov/genomes/all/GCA/000/421/585/GCA_000421585.1_ASM42158v1	-	DSM 21156	000421585.1
SRR3927493	40029470	6084479440	40029470	152	3135	https://sra-downloadb.st-va.ncbi.nlm.nih.gov/sos2/sra-pub-run-3/SRR3927493/SRR3927493.1	SRX1955943	WGS	RANDOM	GENOMIC	PAIRED	0	0	ILLUMINA	Illumina Genome Analyzer IIx	SRP006550	PRJNA67515	67515	SRS1567451	SAMN02232058	simple	795359	Thermodesulfobacterium geofontis OPF15	CP002829	JGI	SRA441266	public	Thermodesulfobacterium geofontis OPF15	795359	PRJNA67515	67515	Thermodesulfobacteria	Thermodesulfobacteria	1.63438	30.6	chromosome:NC_015682.1/CP002829.1	-	1	1701	1641	2011-06-07	2021-01-24	Complete Genome	US DOE Joint Genome Institute	GCA_000215975.1	REPR	ftp://ftp.ncbi.nlm.nih.gov/genomes/all/GCA/000/215/975/GCA_000215975.1_ASM21597v1	23580711	OPF15	000215975.1
